{"cameraMode":{"drawMode":0,"name":"Shaded","section":"Shading Mode"},"sceneLighting":true,"audioPlay":false,"sceneViewState":{"showFog":true,"showMaterialUpdate":true,"showSkybox":true,"showFlares":true,"showImageEffects":true,"showParticleSystems":true},"in2DMode":false,"pivot":{"x":-31.744319915771486,"y":12.756011009216309,"z":5.75098991394043},"rotation":{"x":0.17015565931797028,"y":-0.011824731715023518,"z":0.0020419678185135128,"w":0.9853439927101135},"size":17.566299438476564,"orthographic":false}