{"cameraMode":{"drawMode":0,"name":"Shaded","section":"Shading Mode"},"sceneLighting":true,"audioPlay":false,"sceneViewState":{"showFog":true,"showMaterialUpdate":true,"showSkybox":true,"showFlares":true,"showImageEffects":true,"showParticleSystems":true},"in2DMode":false,"pivot":{"x":-25.85481834411621,"y":9.81826400756836,"z":-3.8532333374023439},"rotation":{"x":0.21723800897598267,"y":-0.011713134124875069,"z":0.002606984693557024,"w":0.9760448336601257},"size":36.022491455078128,"orthographic":false}